Name,Mean,MeanLB,MeanUB,Stddev,StddevLB,StddevUB
"0/TYB",2.8190376553684476e-4,2.8024437222629793e-4,2.867198208346963e-4,6.717454925218188e-6,2.2840533060728005e-6,1.2878517450683624e-5
"0/Hand",3.2803476401604704e-4,3.258484656456858e-4,3.341358954552561e-4,8.76898448025107e-6,3.6229982735343353e-6,1.771586079955316e-5
"0/SYB",2.7080702999606725e-3,2.6914000729098917e-3,2.7383780697360634e-3,5.687947799318705e-5,3.487923930699335e-5,9.419517972034274e-5
"0/Uni",6.961286176927388e-4,6.935823072679341e-4,6.999433149583638e-4,7.986005201140977e-6,5.719450024038206e-6,1.1418123966519907e-5
"1/TYB",2.6109459195286034e-4,2.606272915378213e-4,2.6214363370090723e-4,1.7216286874542377e-6,8.429369702178807e-7,3.1418828939615052e-6
"1/Hand",3.009671027306468e-4,3.0013263770379135e-4,3.0236900397576387e-4,2.6903646595971992e-6,1.5171811756120737e-6,3.615104011186778e-6
"1/SYB",2.486588976718485e-3,2.4708914974704383e-3,2.5149798611179e-3,5.3264035695370905e-5,3.286349390548932e-5,8.560817074046754e-5
"1/Uni",6.528079618699849e-4,6.455028166063129e-4,6.669366468675435e-4,2.5435099407107738e-5,1.5149030651661278e-5,4.366582035627253e-5
"2/TYB",1.4814742482811601e-5,1.4753682555800135e-5,1.4916178751011174e-5,2.0219908512492641e-7,1.371713533373688e-7,3.182275195421355e-7
"2/Hand",1.5183913832695423e-5,1.5072853026227863e-5,1.540627688216635e-5,3.9299833968756877e-7,2.3072852995126966e-7,6.820725020386994e-7
"2/SYB",1.146539794619788e-4,1.1369857119226999e-4,1.1777769633653488e-4,4.0487500200010745e-6,1.2396509287093186e-6,8.358806386050316e-6
"2/Uni",2.3531586943449927e-5,2.324043578450002e-5,2.418793926709423e-5,1.052380407713339e-6,2.514192897697193e-7,1.6618553439841214e-6
"3/TYB",2.5326994214620853e-5,2.522209003981617e-5,2.5510523538622595e-5,3.4824310280415326e-7,2.2262847473275473e-7,5.23445684293778e-7
"3/Hand",2.5645287614315745e-5,2.554432252907883e-5,2.5770923839477092e-5,2.920620312319932e-7,2.4525016627769813e-7,3.612877037431398e-7
"3/SYB",2.0616174107417464e-4,2.051746881566942e-4,2.0751436914627752e-4,2.981823037456072e-6,2.2484020014915445e-6,3.842930517376069e-6
"3/Uni",4.26955888304731e-5,4.236246052615601e-5,4.324773337435105e-5,1.0949506486292663e-6,7.228059705495899e-7,1.8131668259718893e-6
"4/TYB",1.0299446377903224e-4,1.0281326565891504e-4,1.0327102933079004e-4,5.880454614539442e-7,3.114687274657157e-7,9.981360902036831e-7
"4/Hand",1.037040643563325e-4,1.0272177981043402e-4,1.0587410691448232e-4,3.5151482080920517e-6,8.675571506728631e-7,5.57063744150714e-6
"4/SYB",1.0135352720506492e-3,1.0091912855394185e-3,1.0211026777513326e-3,1.4576834714945217e-5,9.494858396353338e-6,2.4577998220223246e-5
"4/Uni",2.015491362971564e-4,2.006558613541226e-4,2.0281593368078272e-4,2.748640977121758e-6,2.1078069262822944e-6,3.9653413202705905e-6
"5/TYB",2.0641090665012596e-4,2.0545723233371974e-4,2.0857574734836816e-4,3.5178390017343953e-6,1.4226751799235495e-6,6.116757086096321e-6
"5/Hand",2.080473943427205e-4,2.0729017693549396e-4,2.0931005913764241e-4,2.475328391870299e-6,1.5061010654009246e-6,3.3825617179641416e-6
"5/SYB",1.9449877956882122e-3,1.9380259731784464e-3,1.9555258968845008e-3,2.199133219611893e-5,1.5600259201828132e-5,3.0616300068329504e-5
"5/Uni",4.706819924836357e-4,4.680975350861748e-4,4.75135651541253e-4,8.629007057591333e-6,5.530568781923216e-6,1.3253766750422126e-5
"6/TYB",1.292574813649539e-5,1.2865553854373837e-5,1.3006041361199273e-5,1.7952911365589658e-7,1.4491162469604454e-7,2.4033348180130784e-7
"6/Hand",1.3253553594801238e-5,1.3176067556593231e-5,1.3362575908699497e-5,2.36655788087168e-7,1.7802492240394915e-7,3.3533958420399577e-7
"6/SYB",9.994121865870862e-5,9.891418477950188e-5,1.0246478761904514e-4,3.880461857326217e-6,1.2144336255968898e-6,6.9892264731704854e-6
"6/Uni",2.1122201111424587e-5,2.093228838117472e-5,2.1466345998362215e-5,6.495306227173354e-7,3.2942751908290436e-7,9.77058414232675e-7
"7/TYB",2.123522976413369e-4,2.1015884671360258e-4,2.1528007779270412e-4,6.579704874732604e-6,5.121136361968294e-6,8.248697105737279e-6
"7/Hand",2.1068374679113428e-4,2.0940423374995592e-4,2.135113911392788e-4,4.691161132525305e-6,2.48024723944888e-6,8.508464782570841e-6
"7/SYB",1.9528842190280561e-3,1.9395995358005168e-3,1.9709468105807903e-3,3.999177035486329e-5,3.1066584318166705e-5,4.831899218649325e-5
"7/Uni",4.849171711131929e-4,4.806002053742607e-4,4.92692795706292e-4,1.4594279195093691e-5,9.173267073969675e-6,2.386934761905447e-5
"8/TYB",2.295184353366494e-4,2.2793533597141507e-4,2.3546936307102442e-4,7.250995884647754e-6,9.793558874304582e-7,1.479989931158675e-5
"8/Hand",3.096479231957346e-4,2.983802611473948e-4,3.33954697335139e-4,4.0832238941402076e-5,1.5486703730270614e-5,6.375963179267797e-5
"8/SYB",2.1715998867526654e-3,2.158782503940165e-3,2.1922278622165323e-3,4.1761895857213216e-5,2.750625479039373e-5,6.026906672225406e-5
"8/Uni",6.096323403840263e-4,5.824049386506279e-4,6.574400338654716e-4,9.199991221350958e-5,5.6444602408714035e-5,1.2681360466208278e-4
"9/TYB",2.27925799228251e-4,2.2587539944797754e-4,2.3215057644993065e-4,7.554834841862726e-6,3.872302346317052e-6,1.1059838457234928e-5
"9/Hand",2.830767675116658e-4,2.818465276435017e-4,2.8554106194525963e-4,4.373671268956631e-6,2.6103179855843106e-6,8.156935744058644e-6
"9/SYB",2.166640780307352e-3,2.1588778713718063e-3,2.179772875644267e-3,2.5811704535107403e-5,1.5500098961317992e-5,3.766031831466421e-5
"9/Uni",5.662401589875419e-4,5.616116596385835e-4,5.766542825226982e-4,1.7097853292182605e-5,6.319245180614934e-6,2.8883071975294696e-5
"10/TYB",8.301498685032131e-5,8.196594510227443e-5,8.509399686008693e-5,3.8059949955777097e-6,1.949111377148743e-6,5.497207273956987e-6
"10/Hand",8.217249753485832e-5,8.178217226107208e-5,8.278557388111949e-5,1.2534726428923715e-6,8.450845838137694e-7,1.7845778993823403e-6
"10/SYB",7.716119398362934e-4,7.687270750291645e-4,7.784307111985982e-4,1.0923461450034153e-5,5.423441880259855e-6,2.0071416682665427e-5
"10/Uni",1.503869918407872e-4,1.49658623081632e-4,1.517567065777257e-4,2.514617935671846e-6,1.4484838256349588e-6,3.986132385671454e-6
"11/TYB",2.0226242337375878e-4,2.006793240085244e-4,2.0573379788547754e-4,5.78465252706286e-6,2.8331712227351694e-6,9.848091942801437e-6
"11/Hand",2.0702322687332828e-4,2.0617763564611478e-4,2.0818988845373195e-4,2.5792820401755765e-6,2.0250536128716238e-6,3.511377849663825e-6
"11/SYB",2.0801711300387975e-3,1.994826815463603e-3,2.2390532711520795e-3,2.957389785033126e-4,1.5622798147360946e-4,4.4179616391615555e-4
"11/Uni",4.483882658804456e-4,4.4671933582673463e-4,4.5034647714346646e-4,4.701581512358073e-6,4.052401564911475e-6,5.488792542197557e-6
"12/TYB",3.1836273465305566e-4,3.1651260647922754e-4,3.2285454068332913e-4,6.9738690998026045e-6,3.250779986764707e-6,1.243153429902447e-5
"12/Hand",3.901451880577952e-4,3.872817809227855e-4,3.9437473365105686e-4,8.963289458123093e-6,6.531435345023129e-6,1.280979163449415e-5
"12/SYB",3.3551955441012975e-3,3.3415770748630165e-3,3.3751464108005167e-3,4.2323378693010125e-5,2.9999061336279716e-5,6.027854002757884e-5
"12/Uni",8.556449522264302e-4,8.487928022630513e-4,8.736693968065085e-4,2.678222077267832e-5,9.795162143292508e-6,5.128827950318445e-5
"13/TYB",2.8671982083469633e-4,2.8533699307590717e-4,2.896285274997353e-4,4.97547072284441e-6,1.9082424930347195e-6,7.719916032476547e-6
"13/Hand",3.4182489463128145e-4,3.3970058509148656e-4,3.4480751105584205e-4,6.501186562008413e-6,4.995364727519728e-6,9.601663860487973e-6
"13/SYB",2.707364580966532e-3,2.6966452816501265e-3,2.7226805904880164e-3,3.292986400082791e-5,2.3480873384394526e-5,4.5434604003311016e-5
"13/Uni",7.240045179612934e-4,7.134950269944966e-4,7.541263212449849e-4,4.24219702663928e-5,1.684110999423474e-5,8.574747537605633e-5
"14/TYB",1.1127235684543847e-4,1.1084320340305569e-4,1.1230232510715722e-4,1.6022012344752733e-6,4.029673682558448e-7,2.90662138353433e-6
"14/Hand",1.2026953915134073e-4,1.1986422756686808e-4,1.2100386837497355e-4,1.3866542894802102e-6,8.766403999645191e-7,2.2266227536312393e-6
"14/SYB",1.10800148146227e-3,1.1004579176194964e-3,1.1259400953538715e-3,2.8053426985880017e-5,6.846104843107338e-6,4.925132050260879e-5
"14/Uni",2.2405426070714989e-4,2.2293210392817858e-4,2.2604108219966297e-4,3.77003448679632e-6,2.275438342362495e-6,6.4795842720957735e-6
"15/TYB",1.2964966092258694e-4,1.2692215237766503e-4,1.3620140347629783e-4,1.0223774908607998e-5,3.857963296159513e-6,1.781765917602842e-5
"15/Hand",1.3540665550778312e-4,1.3478570756398966e-4,1.3618337025658953e-4,1.809513098916555e-6,1.496607569334984e-6,2.2365969445437505e-6
"15/SYB",1.202371142245829e-3,1.1874938229098915e-3,1.2550139645114541e-3,6.584083206927415e-5,1.4433240630386828e-5,1.3772836003520737e-4
"15/Uni",2.5031614739447845e-4,2.493720098212362e-4,2.515006108954549e-4,2.7524190157451367e-6,2.2109172453766197e-6,3.241245413228035e-6
"16/TYB",3.294825771823525e-4,3.2688858304172753e-4,3.3422233853489154e-4,8.910094978043664e-6,5.226898021676651e-6,1.3444193739237449e-5
"16/Hand",4.0162325631827123e-4,3.9821228117992483e-4,4.0649971098949514e-4,1.0589466554163823e-5,7.649879582072487e-6,1.3747394357127056e-5
"16/SYB",3.1614184597507115e-3,3.141057513095438e-3,3.195016405917704e-3,6.653101955524453e-5,4.403526183129057e-5,1.0895038829117517e-4
"16/Uni",9.347331632860004e-4,9.252727140672507e-4,9.569060911424459e-4,3.506494055098632e-5,8.710607914172121e-6,6.092987722435888e-5
"17/TYB",2.0514251980930563e-4,2.0401718411594628e-4,2.0807029996067287e-4,4.316781098111526e-6,1.197880365524731e-6,8.029905652897998e-6
"17/Hand",2.0835996037349105e-4,2.0758112634842597e-4,2.0954887435461084e-4,2.475653991342862e-6,1.78346493889559e-6,3.62353756363577e-6
"17/SYB",1.9293475368991494e-3,1.922385714389384e-3,1.9387698391452432e-3,2.089363095372556e-5,1.5904491031607077e-5,2.9215541978639005e-5
"17/Uni",4.6027104786286753e-4,4.581697854523857e-4,4.627633167430758e-4,5.932374390583273e-6,5.000072510627614e-6,7.989681596212745e-6
"18/TYB",1.241088131442666e-4,1.2365104947239158e-4,1.254058102145791e-4,1.8420053397864058e-6,5.144908685569609e-7,3.567658738339369e-6
"18/Hand",1.3426330596622496e-4,1.335512291433083e-4,1.353430772200227e-4,2.2439927585058026e-6,1.6337660502816001e-6,3.365179061791893e-6
"18/SYB",1.1941027859225868e-3,1.177651903964579e-3,1.2175822475925086e-3,5.070142108126461e-5,3.722288002735737e-5,6.440608476235683e-5
"18/Uni",2.6391554314643146e-4,2.6020765740424393e-4,2.6747274834662674e-4,9.468879439780407e-6,8.1286042154462e-6,1.1525987940338836e-5
"19/TYB",4.1179260344554976e-5,4.082735452180108e-5,4.160205595816175e-5,9.99770154380662e-7,7.834081234857456e-7,1.2808700240949664e-6
"19/Hand",3.9882899057120075e-5,3.970297250275812e-5,4.0148338408519823e-5,5.661703641711536e-7,4.0605317216213987e-7,7.76070956027307e-7
"19/SYB",3.256529624108225e-4,3.2396734305657445e-4,3.2805860587395723e-4,5.207944254550779e-6,3.867903646921767e-6,6.85359077596159e-6
"19/Uni",7.089707707572316e-5,6.887051915335988e-5,7.573432513616151e-5,7.575801154635858e-6,1.8426019559894672e-6,1.3451298835333792e-5
"20/TYB",1.3088943753391505e-4,1.2936355862766503e-4,1.3448478970676657e-4,5.802607325322411e-6,2.8415187300195718e-6,1.0009246221253185e-5
"20/Hand",1.357807077674402e-4,1.3517459475745756e-4,1.3658921166012685e-4,1.8159234450531984e-6,1.3711877075449919e-6,2.3872268771359e-6
"20/SYB",1.2122893551364542e-3,1.205403826572001e-3,1.2225508907809856e-3,2.1728480095189135e-5,1.552789657206772e-5,3.455787453893032e-5
"20/Uni",2.2670448371209204e-4,2.2538126059807838e-4,2.2839725562371314e-4,3.897262662259158e-6,3.2117576283165823e-6,5.0089030783958125e-6
"21/TYB",2.948928097262978e-4,2.9345276150852435e-4,2.983165005221963e-4,5.3316102094817474e-6,1.1012082465927615e-6,9.473981571409376e-6
"21/Hand",3.649658019188791e-4,3.633922392968088e-4,3.67218857491389e-4,4.877628150277705e-6,3.492179455378255e-6,6.732913868569786e-6
"21/SYB",2.9915499905124312e-3,2.9815650204196567e-3,3.003470919467509e-3,2.8432662604631805e-5,2.331438302646898e-5,3.487130981435878e-5
"21/Uni",7.443881252780556e-4,7.405734280124308e-4,7.505870083346964e-4,1.2461030154904552e-5,7.971147636726184e-6,1.642466958469415e-5
"22/TYB",1.3273212886932825e-5,1.3228284230248798e-5,1.3350354542748796e-5,1.5015900151166327e-7,9.974022725268412e-8,2.22210625581661e-7
"22/Hand",1.347689170892654e-5,1.3418171088096133e-5,1.355811475744743e-5,1.7688168803916838e-7,1.3871333188967755e-7,2.5677674994508396e-7
"22/SYB",9.999891303790113e-5,9.97350631436954e-5,1.0044396105222404e-4,8.728781652529953e-7,5.269036613459858e-7,1.1985601174419199e-6
"22/Uni",2.1472786543225604e-5,2.1345913799346558e-5,2.1706436750745137e-5,4.3709026884741414e-7,2.698090359636649e-7,7.223558638786344e-7
"23/TYB",2.4118187222629787e-4,2.390456417575478e-4,2.442908504977822e-4,6.631223223539285e-6,4.893392503684471e-6,9.126460579031516e-6
"23/Hand",2.847399755194783e-4,2.8356695611029864e-4,2.864508672431111e-4,3.651902342299467e-6,2.6210621431844145e-6,4.686141685237989e-6
"23/SYB",2.5788569668307895e-3,2.564704439975321e-3,2.6129126766696567e-3,5.376411734946243e-5,2.5924944603829036e-5,1.0104034612415731e-4
"23/Uni",5.959880460985005e-4,5.939710249193014e-4,5.986344923265279e-4,5.97886582906006e-6,4.543933293067003e-6,6.9565813157954695e-6
"24/TYB",1.220202663913369e-4,1.2115242276340722e-4,1.236319759860635e-4,3.0024021784247704e-6,1.6745970651074623e-6,4.337143489381169e-6
"24/Hand",1.3496796532223626e-4,1.3400157534827788e-4,1.361229708832171e-4,2.7439129359257533e-6,2.2303736053660497e-6,3.3920828604151175e-6
"24/SYB",1.2468791225925086e-3,1.2406611660495405e-3,1.25683548245579e-3,2.0159062783042065e-5,1.4004380728117285e-5,3.1624667524395033e-5
"24/Uni",2.547183080390096e-4,2.522044225409627e-4,2.602705999091268e-4,9.108510062433272e-6,2.2753794504873252e-6,1.45243906978365e-5
"25/TYB",2.1296264920383693e-4,2.1048309598118066e-4,2.1755935940891502e-4,8.486797252458739e-6,5.162225655477737e-6,1.334008233283824e-5
"25/Hand",2.298674627020955e-4,2.283530278876424e-4,2.3392248589545488e-4,5.999047966475344e-6,2.5076708533524383e-6,1.1765451607230846e-5
"25/SYB",1.986882708407939e-3,1.978471300937236e-3,2.002103350497782e-3,2.8722595386440857e-5,1.7916760965870428e-5,4.927313199605567e-5
"25/Uni",4.94377620331943e-4,4.912908944611749e-4,5.026237242544691e-4,1.225209995070291e-5,5.169174484458993e-6,2.413257561155242e-5
"26/TYB",7.074173887205476e-5,7.042029452893665e-5,7.11944536799017e-5,9.803344745767325e-7,7.469885640893898e-7,1.2699972440859904e-6
"26/Hand",6.992270092972936e-5,6.900212472195136e-5,7.155965484459612e-5,3.1081679795050804e-6,1.899790783877642e-6,4.827821702260677e-6
"26/SYB",6.2216163771227e-4,6.197869886644183e-4,6.263005842454733e-4,7.991211418943337e-6,5.185138199145498e-6,1.2369214707045733e-5
"26/Uni",1.034300997345285e-4,1.0304776303131472e-4,1.0396329037506473e-4,1.170635872162911e-6,8.538610550310974e-7,1.4197669174383634e-6
"27/TYB",1.80165789462626e-4,1.7781021390110257e-4,1.8518211636692287e-4,8.285780286348642e-6,9.43687922719154e-7,1.3361888441911963e-5
"27/Hand",2.029939528865119e-4,2.0112475122635563e-4,2.0656546320145332e-4,6.48321620606119e-6,3.284469328236241e-6,9.850796940135e-6
"27/SYB",1.673934481479228e-3,1.6676211575046178e-3,1.6821646908298134e-3,1.878785299790539e-5,1.5081063521540297e-5,2.4039135778938546e-5
"27/Uni",4.0028493336091443e-4,3.9832672209789353e-4,4.0276766549795866e-4,5.710742966107695e-6,4.635834314732404e-6,7.478018852625654e-6
"28/TYB",4.0051699411124e-5,3.988130959992607e-5,4.0331125985831025e-5,5.597259460172331e-7,3.801567165973529e-7,8.603082975716866e-7
"28/Hand",3.9572469870848894e-5,3.9425472484837316e-5,3.984081409229287e-5,4.997628968681947e-7,2.921708576989176e-7,7.259560360216817e-7
"28/SYB",3.2811344214715065e-4,3.2413423606194556e-4,3.37306862557307e-4,1.4703517524884788e-5,4.984592625784755e-6,2.529612112396264e-5
"28/Uni",6.816532997828391e-5,6.783313342473574e-5,6.86109078116715e-5,9.950071623560396e-7,7.735951797397864e-7,1.284441352131492e-6
"29/TYB",2.73873827792704e-4,2.7140381131321196e-4,2.774596432223916e-4,7.683813209205886e-6,5.40181651686555e-6,9.73230753170278e-6
"29/Hand",3.1217992850579324e-4,3.085297400597483e-4,3.1676710196770736e-4,1.0704449360631876e-5,8.752754867449105e-6,1.3329823786025776e-5
"29/SYB",2.7713275173679e-3,2.7577376583591104e-3,2.7954650143161416e-3,4.5884428280423444e-5,2.9094876090456664e-5,7.862446862294946e-5
"29/Uni",7.882678617723286e-4,7.221591581590474e-4,8.873069395311175e-4,2.0824850604506982e-4,1.4903326783173693e-4,2.8203605256594947e-4
"30/TYB",1.783538082614541e-4,1.7687561307102445e-4,1.8408539090305565e-4,6.853763564650568e-6,5.509481434007331e-7,1.4602808721554544e-5
"30/Hand",2.0173510278885567e-4,2.001980976822476e-4,2.0594875381017727e-4,6.127441232919519e-6,2.5009834524552937e-6,1.2026194442710247e-5
"30/SYB",1.7111087063327432e-3,1.6880393246188762e-3,1.7494368771091104e-3,7.609656999294207e-5,4.887230596939183e-5,1.1037931553822438e-4
"30/Uni",4.060737364615003e-4,4.035751097525161e-4,4.097072356070081e-4,7.764888833002542e-6,5.691050317862978e-6,1.1102525371055055e-5
"31/TYB",2.5762717413405583e-5,2.5634077344503668e-5,2.5933107224603495e-5,3.846308826013237e-7,3.0535157045467e-7,4.926818790535277e-7
"31/Hand",2.5887852603488642e-5,2.5681983343447035e-5,2.617043044984989e-5,6.25796419167229e-7,4.5267386714669244e-7,8.026059698740961e-7
"31/SYB",2.087748087011278e-4,2.0764470463618636e-4,2.1053115890050928e-4,3.6011196644324843e-6,2.4908519378934683e-6,4.983490662242763e-6
"31/Uni",4.307636270698693e-5,4.2875409904601315e-5,4.336621157958039e-5,6.22539852517283e-7,4.5479395366753635e-7,8.236296399493422e-7
"32/TYB",3.807059996450941e-5,3.7895123890290654e-5,3.833508564159274e-5,5.507140419673637e-7,3.875405542928221e-7,7.580320884869498e-7
"32/Hand",3.930238055726214e-5,3.913502609657665e-5,3.957648501400985e-5,5.482179911826005e-7,3.876110190944718e-7,8.706736178015398e-7
"32/SYB",3.22672730172053e-4,3.212589079979807e-4,3.2448232718743385e-4,4.157620870264188e-6,3.3824817539739947e-6,5.77757817321322e-6
"32/Uni",6.537848169811898e-5,6.500072070500918e-5,6.588551854300832e-5,1.1415170198739267e-6,8.853878713360972e-7,1.6231879893916576e-6
"33/TYB",2.5834800992161034e-4,2.5644066128879784e-4,2.617717007175088e-4,6.489337367768397e-6,3.757847930601725e-6,9.338199668558317e-6
"33/Hand",3.0228794165886936e-4,3.009337241295726e-4,3.042692000512034e-4,4.22931532177412e-6,2.9743195531825997e-6,5.483519338843851e-6
"33/SYB",2.4469733456149692e-3,2.42993118558079e-3,2.480227969028056e-3,5.98491612401372e-5,2.5981182647219314e-5,9.271119128050585e-5
"33/Uni",6.283080686815083e-4,6.258666624315083e-4,6.333291639573873e-4,8.71096138617783e-6,4.984160212021426e-6,1.5092326058182335e-5
"34/TYB",1.3623001370579002e-4,1.339698055759072e-4,1.4252426419407126e-4,9.006154660164424e-6,3.4955502914786416e-6,1.782168911424405e-5
"34/Hand",1.422902968944982e-4,1.4021605525631455e-4,1.4448493991512805e-4,5.536115429525835e-6,4.918961259708957e-6,6.323785024157288e-6
"34/SYB",1.2308001736178998e-3,1.2251639584079388e-3,1.23817207608372e-3,1.6697540973605833e-5,1.315246055396674e-5,2.051602147815665e-5
"34/Uni",2.1624525751297674e-4,2.152311838231981e-4,2.178855773371955e-4,3.309235945338499e-6,2.2866787667482163e-6,5.126427087187737e-6
"35/TYB",2.968573788180947e-4,2.9357673916965727e-4,3.030276516452431e-4,1.13154087260483e-5,6.639832581648196e-6,1.641954094877461e-5
"35/Hand",3.6513031073845924e-4,3.6331117697991434e-4,3.680747801903636e-4,5.91896731536115e-6,4.0848581202238956e-6,9.404368266847029e-6
"35/SYB",3.1475711086764923e-3,3.1279635647311803e-3,3.173940203525126e-3,5.9063478117923074e-5,4.621861252339808e-5,8.119537381987268e-5
"35/Uni",7.354056944139303e-4,7.324111570604146e-4,7.399547209031881e-4,9.491140889713027e-6,6.4050194650735355e-6,1.3384257159723526e-5
"36/TYB",4.945387533710649e-5,4.916220994200557e-5,4.990965218748898e-5,9.328809257185539e-7,6.417630767182754e-7,1.4558552264907744e-6
"36/Hand",4.9447472435845574e-5,4.9075105964121504e-5,5.003614958206361e-5,1.2048181364168432e-6,8.155974176502636e-7,1.627813718394896e-6
"36/SYB",4.1600466500967746e-4,4.123838815217218e-4,4.257830056672295e-4,1.4345828592775212e-5,6.170846225235319e-6,2.812349689617528e-5
"36/Uni",8.486594628276571e-5,8.440954500277128e-5,8.558120202007037e-5,1.4625655848171345e-6,1.0235271248398424e-6,2.1195264634661897e-6
"37/TYB",2.270547285174521e-5,2.259818449114951e-5,2.2919132578401615e-5,3.7769220882230414e-7,2.2165359526897266e-7,6.680244872460681e-7
"37/Hand",2.2849272293442823e-5,2.2742748671685746e-5,2.2998261413062518e-5,3.26177606711842e-7,2.474246396908567e-7,4.293407589032834e-7
"37/SYB",1.7516783616904703e-4,1.7278909994555372e-4,1.785383936816028e-4,7.288595488813273e-6,5.2805410483446445e-6,1.1701746764472835e-5
"37/Uni",3.7617609585868195e-5,3.7358925427543e-5,3.798388012801296e-5,7.913843602709698e-7,6.027464444952793e-7,1.0719883003900286e-6
"38/TYB",7.93242672458291e-5,7.864715848118066e-5,8.081199917942286e-5,2.5014264070995324e-6,1.2672121301573098e-6,4.364319221819415e-6
"38/Hand",8.12363639101386e-5,8.083963539451362e-5,8.183145668357611e-5,1.2474596347097427e-6,9.035669221414555e-7,1.6864303119089055e-6
"38/SYB",7.588613142259419e-4,7.557475675828755e-4,7.630908598192036e-4,9.39411559335973e-6,7.125850992913242e-6,1.3143597704065721e-5
"38/Uni",1.4950620045678487e-4,1.480820468109515e-4,1.5259716488007046e-4,5.212541426263485e-6,2.2611328264686457e-6,8.81748237951488e-6
"39/TYB",2.3797752652317283e-4,2.336669186130166e-4,2.4863960538059466e-4,1.6436172903136588e-5,7.429649834643375e-6,2.986415805845391e-5
"39/Hand",2.9301596123725184e-4,2.8698111016303306e-4,3.0556059319525964e-4,2.1646420069748936e-5,9.819545623670357e-6,3.5028982768704e-5
"39/SYB",2.188375017978251e-3,2.179706118442119e-3,2.205750964023173e-3,3.068212761039982e-5,1.767328811333637e-5,5.322308747054169e-5
"39/Uni",5.799281706102194e-4,5.773818601854144e-4,5.840623487718403e-4,8.315079382725668e-6,5.855158556235488e-6,1.19352989211526e-5
"40/TYB",1.102996090427041e-4,1.0911705289036035e-4,1.1224510464817285e-4,3.864465355152554e-6,2.3038769444480706e-6,5.100746197245806e-6
"40/Hand",1.1796236236325718e-4,1.1759736519306897e-4,1.1846260789104484e-4,1.108361212918541e-6,8.373892334236279e-7,1.385545713893347e-6
"40/SYB",1.0952460874803368e-3,1.0906493772752583e-3,1.1003911604173483e-3,1.2684217591008616e-5,1.0635283786362943e-5,1.5429814839956794e-5
"40/Uni",2.138658400935431e-4,2.1263718968257307e-4,2.157350417536994e-4,3.907253734375282e-6,2.7414997814950593e-6,5.142158618265995e-6
"41/TYB",2.463031033053994e-4,2.441287258639933e-4,2.507567623630166e-4,7.771958099861166e-6,3.5354616178606624e-6,1.2288521608835021e-5
"41/Hand",2.9721201010979715e-4,2.9515207358635963e-4,3.0055463858880106e-4,6.755426814205403e-6,4.4418166196818766e-6,9.754264454194151e-6
"41/SYB",2.5447440365329384e-3,2.5308013180270787e-3,2.5783324459567668e-3,5.30698674575236e-5,2.519952800086114e-5,9.879978179081796e-5
"41/Uni",6.059253324754537e-4,6.029737104661763e-4,6.102883924730123e-4,9.313018001782514e-6,6.8916648883989535e-6,1.2636057235266898e-5
"42/TYB",1.415992001071572e-4,1.410460690036416e-4,1.4281990323215726e-4,1.9986910715452554e-6,4.920904026162694e-7,3.3385696111194245e-6
"42/Hand",1.6543358836788684e-4,1.6339153323788197e-4,1.699563888134435e-4,7.342464481776263e-6,1.4791152110530388e-6,1.1696555780585472e-5
"42/SYB",1.4955592373386026e-3,1.4887500027194619e-3,1.5092158535495402e-3,2.4216165416157622e-5,1.3613018858350482e-5,4.171391110097043e-5
"42/Uni",2.649396712426097e-4,2.6324928351677957e-4,2.6727855750359605e-4,5.135251767955003e-6,3.857389239472003e-6,6.763181217472133e-6
"43/TYB",2.548861721530557e-4,2.533221462741494e-4,2.594161251559854e-4,6.293497859385135e-6,2.3131107926999496e-6,1.1983943330633348e-5
"43/Hand",2.984042211249471e-4,2.970042272284627e-4,3.005690618231893e-4,4.463269669174173e-6,3.076492840305382e-6,5.986520400694528e-6
"43/SYB",2.384889147616923e-3,2.376401446200907e-3,2.3970580318942677e-3,2.6195562595821444e-5,1.8946988125804014e-5,3.5237892283968895e-5
"43/Uni",6.285226454026997e-4,6.245458235032855e-4,6.386745085008442e-4,1.5387155027023272e-5,7.240077840512677e-6,2.995557165928781e-5
"44/TYB",2.6850464139133694e-4,2.66377947665751e-4,2.721858242526651e-4,7.078663272525561e-6,4.319041015027351e-6,9.68145800920963e-6
"44/Hand",3.036397750023752e-4,3.023713881615549e-4,3.05578118050471e-4,4.022985315475753e-6,2.8368367158431387e-6,5.725766874474915e-6
"44/SYB",2.8561663845553995e-3,2.8465628841891884e-3,2.868411562778056e-3,2.806838183315135e-5,2.130479127260729e-5,3.762702194952546e-5
"44/Uni",6.456792463548483e-4,6.419646848924459e-4,6.539189924485981e-4,1.3620240844679082e-5,5.630638088441279e-6,2.3533126552767787e-5
"45/TYB",3.959272666834295e-5,3.9049472905961534e-5,4.033523024325924e-5,1.633886898238534e-6,1.217657293752801e-6,2.5579392731550737e-6
"45/Hand",3.9487577956770695e-5,3.9291305629716766e-5,3.979029264301062e-5,6.253028526682604e-7,4.4561465234470405e-7,9.724853711753254e-7
"45/SYB",3.2470882483758034e-4,3.2226026603020724e-4,3.334349448326975e-4,1.077319837054606e-5,2.586228067918298e-6,2.1805901817710368e-5
"45/Uni",6.491698831515876e-5,6.458521003981953e-5,6.586765102846056e-5,1.3415686547872858e-6,5.064222984412218e-7,2.579641321619911e-6
"46/TYB",1.0510208401829003e-4,1.0483505520969629e-4,1.055217007175088e-4,8.52658974754699e-7,4.911268410835387e-7,1.3673258742274922e-6
"46/Hand",1.128836131400683e-4,1.1231921134008604e-4,1.1378440188074656e-4,1.8310914098051819e-6,1.255341076844238e-6,2.6769220335958287e-6
"46/SYB",1.0183227171190084e-3,1.0146510710008438e-3,1.023448716569692e-3,1.1237444797800696e-5,8.323329982499692e-6,1.5267142291764232e-5
"46/Uni",2.0344535872961086e-4,2.0262996718908353e-4,2.0476937657222156e-4,2.678107630585193e-6,1.6395984802119502e-6,3.4680077759999923e-6
"47/TYB",2.0217659268528224e-4,1.9995453152805566e-4,2.0750763211399318e-4,8.391069548171687e-6,3.6803828986046997e-6,1.490418085655479e-5
"47/Hand",2.068976597550015e-4,2.055752313695848e-4,2.1120032037918765e-4,5.620638992425771e-6,1.7381346093736292e-6,1.1608690868879464e-5
"47/SYB",1.9041323879733683e-3,1.896502993442118e-3,1.9143367031589154e-3,2.2890720789738045e-5,1.734830090978825e-5,3.2250382187190815e-5
"47/Uni",4.482515725617608e-4,4.4428746631989884e-4,4.5754036040355757e-4,1.4866490472525783e-5,4.674790146329419e-6,2.600383180284858e-5
"48/TYB",2.495265224948526e-4,2.487063625827431e-4,2.5168182644993064e-4,3.206116796166787e-6,8.705815593483705e-7,5.997305501988062e-6
"48/Hand",3.080862815026194e-4,3.025096709374339e-4,3.20841675484553e-4,2.0652926845302918e-5,1.0564028898679857e-5,3.660343074127782e-5
"48/SYB",2.4346804836764937e-3,2.4210906246677037e-3,2.47047188077122e-3,5.378180087802739e-5,2.3014239707301026e-5,1.0475192075163564e-4
"48/Uni",6.157100309617817e-4,6.11928712297231e-4,6.220662702806295e-4,1.2438518763983004e-5,7.869203762496009e-6,2.0424621964631165e-5
"49/TYB",2.771163204684853e-4,2.7451278958469627e-4,2.816271999850869e-4,8.750080953232676e-6,5.6703704396177055e-6,1.2854410159541682e-5
"49/Hand",3.0580699988640847e-4,3.0408084937371316e-4,3.0832231589592995e-4,5.366569988101921e-6,3.8148167834831085e-6,7.02572499705957e-6
"49/SYB",2.752101443149149e-3,2.715051195956767e-3,2.809283755160869e-3,1.1772831004133406e-4,8.432001839579727e-5,1.762059613881725e-4
"49/Uni",6.592881788499654e-4,6.534946073777973e-4,6.677901853807271e-4,1.7993546149051458e-5,1.265241185287094e-5,2.361288688373977e-5
"50/TYB",1.8054725918918845e-4,1.7899277005344633e-4,1.8368484769016504e-4,5.4875649951232144e-6,3.1024966710318152e-6,9.028617051421332e-6
"50/Hand",2.0370761916662253e-4,2.0233750706538558e-4,2.0554503168289864e-4,4.1241698882663515e-6,3.224094030708731e-6,5.5005864986895384e-6
"50/SYB",1.711270830966532e-3,1.6984343746677042e-3,1.729972384311259e-3,4.0071111142240833e-5,2.8393507389833908e-5,5.302031641345491e-5
"50/Uni",4.162971251333754e-4,4.1350603830069303e-4,4.224387877310316e-4,1.0226427884027614e-5,5.3854479089863375e-6,1.896087252717484e-5
"51/TYB",2.552390316501259e-4,2.5153877530246973e-4,2.6607277188450093e-4,1.4891506882300248e-5,5.113082698385161e-6,2.9475074801935382e-5
"51/Hand",3.0130804129876196e-4,2.985066229943187e-4,3.078812415245921e-4,1.0533673182686311e-5,4.563426220984886e-6,1.884144430375873e-5
"51/SYB",2.3909259060397744e-3,2.3804736355319623e-3,2.4164843777194616e-3,3.97590008845882e-5,1.9161285540094317e-5,7.650260777615087e-5
"51/Uni",6.257999052293598e-4,6.226146330125631e-4,6.307590116746725e-4,1.0149955234278467e-5,6.964679680407557e-6,1.519762916337008e-5
"52/TYB",5.580365766771139e-5,5.541217436082661e-5,5.635392774827778e-5,1.1944195770970042e-6,8.815893018815897e-7,1.6011893391456094e-6
"52/Hand",5.756616707106954e-5,5.67801386608105e-5,5.8461617060789945e-5,2.1875528846752947e-6,1.8861235848988788e-6,2.717233438496154e-6
"52/SYB",5.090324156607191e-4,5.067563129588963e-4,5.137244932974377e-4,8.166544340326633e-6,4.5770847906178265e-6,1.4270530208412657e-5
"52/Uni",9.437541348549228e-5,9.390413942746817e-5,9.494126024655999e-5,1.3524320801039304e-6,1.1237801455726716e-6,1.541843459145869e-6
"53/TYB",3.06508562900126e-4,3.058028439059854e-4,3.0851127896457917e-4,2.854392527908957e-6,1.0931780012957876e-6,5.6233942015882295e-6
"53/Hand",4.0628672372549767e-4,4.000115467235446e-4,4.1821401050935194e-4,2.1728793053488286e-5,1.3541261915040623e-5,3.874001722307929e-5
"53/SYB",2.9464793423190708e-3,2.9328417995944617e-3,2.9679751614108685e-3,4.3829419743081774e-5,3.063079389435632e-5,6.687492821148495e-5
"53/Uni",8.309877027757466e-4,8.20859681535512e-4,8.657586683519185e-4,4.367462277600526e-5,1.2121584085474185e-5,9.13198009184835e-5
"54/TYB",8.783104214817287e-5,8.716347012668847e-5,8.943321499973538e-5,2.4815392487837464e-6,6.590020638029693e-7,3.850958263419147e-6
"54/Hand",9.512956493462508e-5,9.387585000636486e-5,9.800819417891596e-5,4.688477109060661e-6,2.4981031649467096e-6,8.902775112422953e-6
"54/SYB",8.467137922532859e-4,8.434760679490865e-4,8.520972837693989e-4,1.0633457491032082e-5,6.416893327108251e-6,1.553107955462641e-5
"54/Uni",1.7058462176937608e-4,1.6983598743099723e-4,1.716527370037511e-4,2.30955051756569e-6,1.702090967041142e-6,3.6674995928800815e-6
"55/TYB",1.31337664462626e-4,1.2995483670383693e-4,1.3452293667942286e-4,5.041636954184514e-6,1.3773359668025927e-6,8.152521025352288e-6
"55/Hand",1.388177302898839e-4,1.3763517413754015e-4,1.4034003291744744e-4,3.5083367669473785e-6,2.7334795586820105e-6,4.246965832826664e-6
"55/SYB",1.228740237094462e-3,1.2208533504977823e-3,1.2402415493503209e-3,2.45542123309023e-5,1.7434468975424155e-5,3.3561294556134366e-5
"55/Uni",2.2624433585442607e-4,2.2437990256585178e-4,2.2918165274895728e-4,5.977786246502048e-6,4.006131298960137e-6,7.852469520181995e-6
"56/TYB",2.999949673190713e-4,2.9817344937473533e-4,3.033042171970009e-4,6.218003470783973e-6,3.6567534580302884e-6,9.45580428378431e-6
"56/Hand",3.714221770409495e-4,3.686899001244455e-4,3.7508667060174043e-4,8.17040112219251e-6,6.127169041203602e-6,1.0489481600644498e-5
"56/SYB",2.863376162387431e-3,2.852799914218485e-3,2.87544014248997e-3,2.9248408335175716e-5,2.4224598699797997e-5,3.549382477650261e-5
"56/Uni",7.806241621263326e-4,7.774150480516257e-4,7.8571201460436e-4,1.0324176021862669e-5,7.381202018731777e-6,1.63994754172499e-5
"57/TYB",1.191687801852822e-4,1.178050259128213e-4,1.2206795010715726e-4,4.964738942229133e-6,2.7011537843874135e-6,8.488315299333047e-6
"57/Hand",1.2273192623630163e-4,1.2211871365085244e-4,1.2355303982272743e-4,1.8338542760317958e-6,1.4573903241770162e-6,2.688938811059972e-6
"57/SYB",1.0650897243991491e-3,1.0605216244235637e-3,1.072976610995829e-3,1.5214661279229515e-5,1.0116414320662886e-5,2.349093788380588e-5
"57/Uni",2.5056958561763166e-4,2.491009271703661e-4,2.5264700617020334e-4,4.487563763704127e-6,3.331410108822917e-6,6.504665845356509e-6
"58/TYB",9.701492581516501e-5,9.637596402317285e-5,9.861709866672753e-5,2.4433736523274124e-6,7.516805062501168e-7,4.4756275370525425e-6
"58/Hand",1.0151048682940504e-4,1.0105351788612703e-4,1.0225435279620191e-4,1.4886142084686637e-6,1.0349274136501237e-6,2.4016719239968575e-6
"58/SYB",9.840571989305315e-4,9.79360352922231e-4,9.90079652238637e-4,1.3819750466923525e-5,1.0793043440366692e-5,1.7895193867470865e-5
"58/Uni",1.884130100320493e-4,1.8762418513319323e-4,1.8960782771131824e-4,2.485324507457716e-6,1.707553425554777e-6,3.3541828015945928e-6
"59/TYB",2.8172256741672747e-4,2.7916672024875876e-4,2.8654815945774315e-4,8.833207258131076e-6,5.119933746034939e-6,1.3040915109539112e-5
"59/Hand",3.088063056115061e-4,3.070563132409006e-4,3.116458708886057e-4,5.6835854760463475e-6,3.7643105656989286e-6,8.245918622915342e-6
"59/SYB",2.643220446445048e-3,2.6340556362643834e-3,2.6576876858249304e-3,2.9545048628120183e-5,1.8701821426928988e-5,4.2918518620108337e-5
"59/Uni",6.839645017869771e-4,6.811702360399068e-4,6.87917481828481e-4,8.594824436200557e-6,6.499523254063627e-6,1.1808384673396602e-5
"60/TYB",1.1538269314914942e-4,1.1512520108371971e-4,1.1584999356418848e-4,8.885691239158734e-7,4.7444698195773134e-7,1.3319471095527098e-6
"60/Hand",1.223714373447001e-4,1.2163043240085243e-4,1.2460971096530556e-4,3.076867586438422e-6,1.156140013600211e-6,6.3371614970911675e-6
"60/SYB",1.0426020840182903e-3,1.0383486965671181e-3,1.0492587307468055e-3,1.365922075214714e-5,9.412824684660438e-6,1.8828920173963146e-5
"60/Uni",2.495745854141812e-4,2.462208307348192e-4,2.5703708694006e-4,1.2406145078879057e-5,6.337613013533325e-6,2.257292512283682e-5
"61/TYB",7.275208967039363e-5,7.252439992735164e-5,7.319554822752251e-5,7.991145102507915e-7,4.612745848943026e-7,1.3364347975825176e-6
"61/Hand",7.538542287657037e-5,7.502958314726128e-5,7.590100305387752e-5,1.1136169912784912e-6,8.092656796710829e-7,1.504492943768069e-6
"61/SYB",6.4413429396227e-4,6.411540617235006e-4,6.492745985276999e-4,9.944215241718478e-6,6.3882277349976135e-6,1.4861570853094989e-5
"61/Uni",1.2802481869235636e-4,1.2751174191012981e-4,1.2894988277927042e-4,1.7456120917652015e-6,1.1171142319527762e-6,2.8490448258324102e-6
"62/TYB",8.394958768039943e-5,8.333923611789941e-5,8.541824612766504e-5,2.311266974296969e-6,1.020847366544813e-6,4.141603626299185e-6
"62/Hand",8.781620590016247e-5,8.751511729455419e-5,8.834277036200679e-5,1.0152090861768846e-6,6.543042735269222e-7,1.5845866820417983e-6
"62/SYB",8.454740156419575e-4,8.411347975023091e-4,8.526456465013325e-4,1.4262295919470331e-5,8.934275652588081e-6,2.042735847962694e-5
"62/Uni",1.5822977100033312e-4,1.575824645580724e-4,1.5915721927303822e-4,1.998110330588521e-6,1.5077756478514649e-6,2.7970751065950394e-6
"63/TYB",1.8832924161106348e-4,1.8709900174289942e-4,1.9137146268039936e-4,4.680296987606767e-6,1.857626033672221e-6,8.525567473264726e-6
"63/Hand",2.020037210546434e-4,2.0121852920080232e-4,2.0309885706131656e-4,2.3881836768464544e-6,1.860906973202522e-6,3.3421936111035245e-6
"63/SYB",1.7478442410007121e-3,1.7348075130954384e-3,1.7702651241794229e-3,4.3652525501562677e-5,2.5962849131098622e-5,6.352912422561452e-5
"63/Uni",4.2824666431794567e-4,4.2573850086579724e-4,4.326589974885184e-4,8.425778650159415e-6,5.4329548037305955e-6,1.3225788212759779e-5
"64/TYB",2.5471967673334092e-5,2.5324770115801825e-5,2.5670166074743743e-5,4.428962350710453e-7,3.3591253472034517e-7,6.16764197475868e-7
"64/Hand",2.5834983540698887e-5,2.5602633798156274e-5,2.6423660686916927e-5,9.000858101898678e-7,3.6429612735663706e-7,1.7090055040899444e-6
"64/SYB",2.071932987930874e-4,2.061935302180549e-4,2.0861586298172674e-4,3.0763457075517585e-6,2.232998801914588e-6,4.015755684304999e-6
"64/Uni",4.241628384084574e-5,4.2218737018161603e-5,4.2675138298156e-5,5.846191193783357e-7,4.6280348493158116e-7,7.29373375846974e-7
"65/TYB",3.722691608592868e-5,3.704317483430108e-5,3.752064777538181e-5,5.963646074912154e-7,4.226200496930366e-7,9.401592277093251e-7
"65/Hand",3.716577249155803e-5,3.6973592667191325e-5,3.7418351689297144e-5,5.733221877877933e-7,4.51862920595667e-7,7.219766776800724e-7
"65/SYB",3.1773508139885964e-4,3.1621635504998266e-4,3.1966865607537323e-4,4.429629099965065e-6,3.6609772550265925e-6,5.634922787361121e-6
"65/Uni",6.246173490770163e-5,6.208932508714497e-5,6.309402097947897e-5,1.2357981130784665e-6,7.245035494910297e-7,1.8228174965473746e-6
"66/TYB",1.7876388821750876e-4,1.776194790378213e-4,1.810050228610635e-4,4.049023263673769e-6,2.030201049550804e-6,6.11103917882309e-6
"66/Hand",2.016794717870653e-4,2.0068923995519681e-4,2.0315607752030096e-4,3.101391226618067e-6,2.2102291488302273e-6,4.252757254400561e-6
"66/SYB",1.6851210812106729e-3,1.676290057040751e-3,1.6988158443942668e-3,2.8370334950157248e-5,1.9145264273532346e-5,3.825606205382596e-5
"66/Uni",3.908056075219065e-4,3.8928926535882055e-4,3.944081122521311e-4,5.7601467365192094e-6,2.9179664737012854e-6,1.0909264845380954e-5
"67/TYB",3.1370880398899327e-4,3.1100036893039944e-4,3.1803848538547756e-4,8.698739242377538e-6,5.788499995994561e-6,1.1810001203411286e-5
"67/Hand",3.9117416472484666e-4,3.894607298697035e-4,3.931291970734794e-4,4.767473012535879e-6,4.057886602880264e-6,5.530976081927702e-6
"67/SYB",2.934758684970439e-3,2.920672915317119e-3,2.952544710971415e-3,4.1082671375485754e-5,3.1704591521133894e-5,5.359477487810218e-5
"67/Uni",8.182609190233051e-4,8.14584504533559e-4,8.24149857927114e-4,1.1902463041721789e-5,8.209582950649803e-6,1.7607770304868868e-5
"68/TYB",1.401210049167275e-4,1.390624264255166e-4,1.440119961276651e-4,4.799029025297199e-6,7.69492655238989e-7,1.0363696655715343e-5
"68/Hand",1.4922708545345812e-4,1.486894515575841e-4,1.5002936397213486e-4,1.6967941193662032e-6,1.188021651722422e-6,2.155884428788045e-6
"68/SYB",1.2828517178073524e-3,1.2761569241061805e-3,1.2958121517673133e-3,2.3371641200734405e-5,1.2936428937059946e-5,3.807859700358375e-5
"68/Uni",2.495131536200643e-4,2.48416428156197e-4,2.513346715644002e-4,3.6238400539023246e-6,2.492383930736156e-6,5.903111134329167e-6
"69/TYB",8.717300686985253e-5,8.543731961399314e-5,9.261848721653223e-5,7.025153564257055e-6,5.044492426731857e-7,1.3746080330760288e-5
"69/Hand",9.188226446775455e-5,9.150147593713233e-5,9.23917990310916e-5,1.1423800118447177e-6,9.175928876979916e-7,1.6854988777771968e-6
"69/SYB",8.39003335405141e-4,8.336007704026997e-4,8.504426588304341e-4,1.9560240540820727e-5,8.806299331592799e-6,3.3253994883260764e-5
"69/Uni",1.647779372753576e-4,1.637908843578771e-4,1.6770690951962023e-4,4.051922115143411e-6,1.489309251407396e-6,8.188125569544944e-6
"70/TYB",1.8365623746067285e-4,1.8011810574680565e-4,1.89321062900126e-4,1.150521373789829e-5,7.266905467791389e-6,1.6885787222776487e-5
"70/Hand",1.9974828129634258e-4,1.9888520603999498e-4,2.0120740300044417e-4,2.864136701294938e-6,1.909979357067452e-6,4.426546136744289e-6
"70/SYB",1.6835570553317665e-3,1.6742491940036418e-3,1.6996360043063762e-3,3.1030392551401405e-5,2.0226506357855743e-5,4.837650449405798e-5
"70/Uni",3.9686143943108617e-4,3.9471567221917216e-4,3.9970815726555884e-4,6.411358129712153e-6,4.76672596152137e-6,9.131804425228075e-6
"71/TYB",1.0374786648899318e-4,1.026225307956338e-4,1.0631325040012598e-4,4.096060794579742e-6,8.961071534366569e-7,6.605915850603433e-6
"71/Hand",1.0300268024544825e-4,1.0264548586512155e-4,1.0355927925556898e-4,1.1413955603165593e-6,7.722877688700145e-7,1.5151781260603288e-6
"71/SYB",1.0244357694871723e-3,1.0163676847703758e-3,1.038917313981801e-3,2.7575550646025724e-5,1.693268544142156e-5,4.3842380040193507e-5
"71/Uni",2.0356615747635563e-4,2.018336491348843e-4,2.085348006648322e-4,7.015002370288921e-6,2.7142172917794392e-6,1.3769065141252587e-5
"72/TYB",1.7461540494114158e-4,1.7274620328098532e-4,1.7803909573704e-4,6.411864213399983e-6,3.6138311365185086e-6,9.320987487026202e-6
"72/Hand",2.0151734715327625e-4,1.991649505061408e-4,2.0659089451655746e-4,8.580991938662461e-6,3.1706044075438135e-6,1.3813955731498137e-5
"72/SYB",1.6955447414889933e-3,1.6800093868747353e-3,1.7448973873630167e-3,6.472474130419559e-5,2.150634702018067e-5,1.322971067967376e-4
"72/Uni",3.813990029816827e-4,3.8036267689118777e-4,3.833381407583754e-4,3.5767731501343513e-6,2.083922247919832e-6,5.018713711915511e-6
"73/TYB",3.06355975009501e-4,3.028750637546182e-4,3.139281490817667e-4,1.27673983905104e-5,6.799459341750919e-6,2.214334935117536e-5
"73/Hand",3.6922395774163314e-4,3.673595244530589e-4,3.7242591925896703e-4,6.2066459038162935e-6,3.985388107105154e-6,9.56690942066094e-6
"73/SYB",3.1233000973239534e-3,2.971475146152079e-3,3.472630999423563e-3,5.630221660580611e-4,2.7007154066980687e-4,9.872895529564397e-4
"73/Uni",8.045709242112935e-4,8.008706678636372e-4,8.109939207322895e-4,1.2436252623610284e-5,8.191977029739955e-6,1.967062007904345e-5
"74/TYB",1.9335510525852437e-4,1.920390347018838e-4,1.9575836453586816e-4,4.479478413595184e-6,2.4624919179579307e-6,6.482135974177083e-6
"74/Hand",2.045627471370002e-4,2.0371556645259266e-4,2.0590742792313296e-4,2.7446676303199627e-6,1.9918378445714993e-6,4.235379659037942e-6
"74/SYB",2.047536394931376e-3,2.04026939664036e-3,2.0564723232761027e-3,2.0952028851815402e-5,1.7125514318005553e-5,2.639152238198495e-5
"74/Uni",4.3578704924633106e-4,4.3362538746247696e-4,4.388483438019951e-4,6.621760190153774e-6,4.8066234135669225e-6,8.72315916496856e-6
"75/TYB",2.326464870944619e-4,2.30977557040751e-4,2.3607017789036036e-4,5.976734208783765e-6,2.692124793681197e-6,9.409311382891493e-6
"75/Hand",3.101772124413402e-4,3.027623946312815e-4,3.241294676903636e-4,2.5565780126938967e-5,1.5689369524338464e-5,4.210181470820026e-5
"75/SYB",2.1931433895602823e-3,2.1860766628757117e-3,2.2019744137302044e-3,2.0435258689451435e-5,1.6530020493403282e-5,2.5348305580086993e-5
"75/Uni",5.726170612499117e-4,5.703981790070731e-4,5.760916146760188e-4,7.181638302855407e-6,4.979905350760246e-6,9.9622095836316e-6
"76/TYB",3.712154274145441e-5,3.698279851026112e-5,3.7343348929237945e-5,4.486919697682142e-7,3.12530716074688e-7,6.608739874459027e-7
"76/Hand",3.726057776366361e-5,3.70796776667703e-5,3.764770993147977e-5,6.577793791794449e-7,3.5968971981805314e-7,1.1838198101668825e-6
"76/SYB",3.158301169518382e-4,3.14289932930842e-4,3.195327574852853e-4,5.861202875234319e-6,2.894340013816647e-6,1.085554791831652e-5
"76/Uni",6.2793613569811e-5,6.243550886400045e-5,6.333673109300435e-5,1.1379415987058305e-6,8.264485813207446e-7,1.68684346064191e-6
"77/TYB",1.9721748623996975e-4,1.9464256558567286e-4,2.0126106534153226e-4,8.286832141139812e-6,5.519360067781534e-6,1.1004620972840577e-5
"77/Hand",2.0538449650630357e-4,2.0437837010249497e-4,2.069199121557176e-4,3.200228583447314e-6,2.2218883339868567e-6,4.371812173159345e-6
"77/SYB",2.0781684139743453e-3,2.0667720058932903e-3,2.094781420566141e-3,3.5350979666839234e-5,2.5072340820806063e-5,5.549524352297712e-5
"77/Uni",4.381998452668389e-4,4.356789661571384e-4,4.429555011913181e-4,8.743473855955365e-6,4.373383598567793e-6,1.3228909409998642e-5
"78/TYB",1.0265114102512596e-4,1.0113479886204005e-4,1.069140652194619e-4,5.9569984531053464e-6,1.3596828525124324e-6,1.1613440531337533e-5
"78/Hand",1.0428806327593823e-4,1.032747843147566e-4,1.0565976483436923e-4,3.0485680903916206e-6,2.3099381149916262e-6,3.7026471291713227e-6
"78/SYB",1.0086286176927389e-3,1.004866372514516e-3,1.013787995744497e-3,1.1346403386826449e-5,8.779268467667924e-6,1.5809592429704466e-5
"78/Uni",1.9512772923335433e-4,1.9394517308101057e-4,1.969412998917202e-4,3.7485742535717884e-6,2.63868245733925e-6,5.598923599586276e-6
"79/TYB",1.522326687350869e-4,1.512599209323525e-4,1.5444519314914941e-4,3.5446944555286947e-6,1.0215895312132142e-6,5.816273238816228e-6
"79/Hand",1.72116078356547e-4,1.710711237841419e-4,1.7343487369694875e-4,3.051079202031036e-6,2.4610122323620737e-6,3.7664063167173735e-6
"79/SYB",1.447093508578837e-3,1.437203905917704e-3,1.4608550289645793e-3,3.035503927074657e-5,2.273607956901577e-5,4.365037034147764e-5
"79/Uni",3.2149017401970925e-4,3.195375258568675e-4,3.271812255028635e-4,7.932139158277056e-6,3.008857975505198e-6,1.5866157470635358e-5
"80/TYB",1.1592628750950096e-4,1.1518242154270413e-4,1.1723282132297753e-4,2.4882874955241965e-6,1.416736079859312e-6,3.6459858004009965e-6
"80/Hand",1.2220931271091106e-4,1.2160754421725868e-4,1.2297988155856725e-4,1.7601508951873215e-6,1.4128978156297974e-6,2.273069112528975e-6
"80/SYB",1.087119601108134e-3,1.0618090847507118e-3,1.1675334194675086e-3,1.0639605333701086e-4,3.388715096000467e-5,2.1672399785782468e-4
"80/Uni",2.462081150772671e-4,2.450954950414598e-4,2.4782300358638156e-4,3.4699346772508246e-6,2.561844336144853e-6,5.15692930177386e-6
"81/TYB",8.580925259739159e-5,8.462669644504784e-5,8.78691891208291e-5,3.956910508096415e-6,2.3665170830208844e-6,5.535642665269069e-6
"81/Hand",9.156048479489983e-5,9.128630342893303e-5,9.201983792396885e-5,9.066562607631286e-7,5.575409584380277e-7,1.2373171783932546e-6
"81/SYB",8.658015836961568e-4,8.597552885301412e-4,8.770597090013325e-4,2.0809958828038966e-5,1.2234704788159152e-5,3.325107457934994e-5
"81/Uni",1.6081184421200305e-4,1.600977805675939e-4,1.6190380130428822e-4,2.278167445724704e-6,1.5824144518649652e-6,3.136897944125324e-6
"82/TYB",3.016257504001259e-4,2.9859306607395413e-4,3.0759575162082913e-4,1.0721044890386643e-5,5.350837471461864e-6,1.6034868080597042e-5
"82/Hand",3.6581457206048075e-4,3.6324441977776586e-4,3.693145568016916e-4,7.75727373871351e-6,5.846599928167845e-6,1.0143079044695085e-5
"82/SYB",2.9676890591159464e-3,2.952907107211649e-3,2.9987502316012977e-3,5.347543242116579e-5,2.9357247480811452e-5,9.885590843756473e-5
"82/Uni",7.696473707444967e-4,7.637012113817038e-4,7.849824537523092e-4,2.323455313763161e-5,1.0192854352237034e-5,4.4852927803623125e-5
"83/TYB",1.291156033053994e-4,1.2645485196262598e-4,1.370787838473916e-4,1.0915796177184565e-5,3.964493071631405e-6,2.127161423612868e-5
"83/Hand",1.4365275943030914e-4,1.3775269432614244e-4,1.5361865603675444e-4,1.915636478623631e-5,1.0894598648341109e-5,2.4987197944528732e-5
"83/SYB",1.1914324978366494e-3,1.1832213619723917e-3,1.2110781887546185e-3,3.102932394642306e-5,1.483800857143135e-5,5.877916288039072e-5
"83/Uni",2.425020987633616e-4,2.3960054465569557e-4,2.486652190331369e-4,1.05178629321662e-5,5.659028120510456e-6,1.810080077047485e-5
"84/TYB",7.113143132117233e-5,6.545355560159995e-5,8.174381872737095e-5,1.9682864794838187e-5,1.1636217176171769e-5,3.038862304849292e-5
"84/Hand",6.844174970872699e-5,6.236112226732076e-5,8.145463575609029e-5,2.202501505036539e-5,1.1670855767358144e-5,3.6949965941182294e-5
"84/SYB",5.361735929735005e-4,5.333268751390279e-4,5.409038175828757e-4,9.3905524148314e-6,5.883072042638479e-6,1.3626942802776956e-5
"84/Uni",1.0806620302610098e-4,1.0751942975136141e-4,1.090135195137312e-4,1.835623792721006e-6,1.1238123445116575e-6,2.8198865355620926e-6
"85/TYB",1.1363746915012597e-4,1.1173965726047755e-4,1.1790993008762595e-4,6.991696818068698e-6,3.260325033945404e-6,1.226503127217501e-5
"85/Hand",1.2264861243052616e-4,1.2191322356876402e-4,1.2379831980086038e-4,2.3567084139198127e-6,1.6833974250212323e-6,3.5713040848479948e-6
"85/SYB",1.107357751298696e-3,1.1033237089402975e-3,1.114720117021352e-3,1.3786207733629665e-5,8.849548265927212e-6,2.355251273041705e-5
"85/Uni",2.196117278498908e-4,2.1907290186112122e-4,2.2054950759435693e-4,1.8025380732972531e-6,1.0764514992316446e-6,2.5486751160872166e-6
"86/TYB",3.2943489346653224e-4,3.273081997409463e-4,3.3433677945286035e-4,7.84595178492946e-6,2.807541168952893e-6,1.3527721148281703e-5
"86/Hand",3.9547205697745087e-4,3.9416552316397436e-4,3.9765279224763324e-4,4.309036725915955e-6,2.6986780165331157e-6,5.734954875014629e-6
"86/SYB",3.1330275753512988e-3,3.120868227817118e-3,3.1533694485202436e-3,4.019285882231046e-5,2.576008761053487e-5,6.066511435635342e-5
"86/Uni",9.244096388109028e-4,9.196746458299457e-4,9.345328916795551e-4,1.7277381420856952e-5,7.996135821593617e-6,2.987909204391682e-5
"87/TYB",1.4384033475071188e-4,1.4270546231418845e-4,1.4607193265110254e-4,4.067768463697936e-6,2.0601719851200933e-6,5.9397655935461655e-6
"87/Hand",1.631185439648107e-4,1.6247362170834095e-4,1.6412824664730575e-4,2.0653224437524576e-6,1.4498117692576923e-6,2.8367146090483468e-6
"87/SYB",1.3081336239352825e-3,1.301381609775126e-3,1.3171458462253212e-3,2.0269426279869874e-5,1.551558554164247e-5,2.5361163021356156e-5
"87/Uni",2.629369551781565e-4,2.616828734520823e-4,2.6487291404046125e-4,4.00103179966864e-6,2.848210304965181e-6,5.440723380590326e-6
"88/TYB",5.094725247472524e-5,5.0727078099937546e-5,5.1305502304888294e-5,7.055593746263892e-7,3.9371568301451133e-7,9.190719255159569e-7
"88/Hand",5.115208513224903e-5,5.094186214163252e-5,5.145560234947049e-5,6.535324677638776e-7,4.911217359172658e-7,8.901104481422164e-7
"88/SYB",4.888685616975029e-4,4.873267882193129e-4,4.911128752554456e-4,4.790671181061286e-6,3.564804413716105e-6,6.762127028985535e-6
"88/Uni",8.952055814276849e-5,8.903350304546101e-5,9.069630233570934e-5,1.8484653289566436e-6,9.570515084797683e-7,3.5982294927360237e-6
"89/TYB",9.774925503879784e-5,9.69195583835244e-5,9.917022977024318e-5,2.758177699896222e-6,1.7893575121720212e-6,3.953724849647761e-6
"89/Hand",1.0193884554319084e-4,1.013356465380639e-4,1.0379533154579499e-4,2.4913656187272633e-6,9.062374672841679e-7,5.087192059604404e-6
"89/SYB",9.930408109910787e-4,9.895598997361958e-4,9.973895658738914e-4,1.0104120124425901e-5,8.214281293254052e-6,1.2384678660567185e-5
"89/Uni",1.9148656611463855e-4,1.9089801282222782e-4,1.9260236506483388e-4,2.0467907162783048e-6,1.1510128650812568e-6,3.1144433094068397e-6
"90/TYB",1.784301022067666e-4,1.7760040555149314e-4,1.80165789462626e-4,3.0094935462890443e-6,1.4025552569184919e-6,4.929886681259945e-6
"90/Hand",1.9942113642713855e-4,1.9845111340816528e-4,2.0082440006413633e-4,3.0048366767503226e-6,2.14524724142992e-6,4.111570546147479e-6
"90/SYB",1.697690508700907e-3,1.6901374081149702e-3,1.7098021725192667e-3,2.4447853885233972e-5,1.4640919797748604e-5,3.561901758228391e-5
"90/Uni",4.011082721874118e-4,3.9931218555818007e-4,4.0380717050284145e-4,5.664298569058003e-6,3.902818738071393e-6,8.111739676738756e-6
"91/TYB",2.8976204190403227e-4,2.8821708951145403e-4,2.9515983853489156e-4,6.756506586463622e-6,1.6795118105974024e-6,1.4137906794178834e-5
"91/Hand",3.616732413414866e-4,3.596347624901683e-4,3.6442459174431866e-4,6.1285372861758625e-6,4.7091529683930676e-6,7.685937475199432e-6
"91/SYB",3.1248641232028613e-3,3.1163382748141885e-3,3.1358885983005166e-3,2.5195185339734467e-5,1.854513953434603e-5,3.43119955433929e-5
"91/Uni",7.272803892381489e-4,7.246053327806295e-4,7.309949507005513e-4,8.141139196376497e-6,6.304946905521457e-6,1.0615045613810464e-5
"92/TYB",2.882933834567666e-4,2.8628113064914937e-4,2.92918703891337e-4,7.314957618080046e-6,1.6918762058044973e-6,1.188063168344913e-5
"92/Hand",3.3860862799920137e-4,3.3725441046990453e-4,3.404420668724925e-4,4.07530894644861e-6,3.190589738368512e-6,5.4749248305204615e-6
"92/SYB",2.686316988803446e-3,2.67839195523411e-3,2.6975798824802042e-3,2.4452154920242405e-5,1.7781124854450985e-5,3.316950872667396e-5
"92/Uni",7.151782621629536e-4,7.111775984056294e-4,7.214439024217427e-4,1.2861907108928209e-5,8.713125409747768e-6,1.816721412860968e-5
"93/TYB",1.9236328396946193e-4,1.9140007290989157e-4,1.944518307223916e-4,3.5373101133069933e-6,1.800178688145892e-6,6.3232334980266706e-6
"93/Hand",2.0473758742834135e-4,2.0352959996089345e-4,2.0718058313553533e-4,4.287224413562307e-6,2.51554721930039e-6,7.612834545511142e-6
"93/SYB",1.805398485995829e-3,1.7947936275973916e-3,1.820914767123759e-3,3.319502484735873e-5,2.279184766996887e-5,4.820936274321766e-5
"93/Uni",4.334378315135837e-4,4.312698119009534e-4,4.367025765900811e-4,6.8316742660480155e-6,4.776845572556265e-6,8.934071523315561e-6
"94/TYB",1.6785385403782126e-4,1.6611816678196187e-4,1.727557400241494e-4,6.874728516649235e-6,2.1127527553115118e-6,1.3262503594198565e-5
"94/Hand",1.787795370444656e-4,1.7806019413151911e-4,1.7974274810403587e-4,2.1640036171004427e-6,1.7293826297906507e-6,3.0934828216765493e-6
"94/SYB",1.549642107822001e-3,1.5382075527682903e-3,1.5711188534274696e-3,3.948427622873833e-5,2.050987425584335e-5,5.897941413540698e-5
"94/Uni",3.715413863305003e-4,3.699916655663401e-4,3.737419898156077e-4,4.763895407441352e-6,3.7057075782542248e-6,6.546146878454789e-6
"95/TYB",1.3176681790500876e-4,1.2941124234348535e-4,1.3539078030735255e-4,7.491656562230239e-6,5.263239761924248e-6,1.0884645920034027e-5
"95/Hand",1.355920921804177e-4,1.3507180985891155e-4,1.3624906782060863e-4,1.5156066802714182e-6,1.2082633833665103e-6,1.702692495351959e-6
"95/SYB",1.2048602322116497e-3,1.196239016391337e-3,1.2177825191989544e-3,2.7137184185071503e-5,1.8869757395851435e-5,3.583597799911366e-5
"95/Uni",2.568066156469285e-4,2.5602460270747544e-4,2.5795261428381006e-4,2.4338219979734695e-6,1.7500578147884905e-6,3.095591155930177e-6
"96/TYB",4.9249173082411294e-5,4.888410655409098e-5,5.029516307264567e-5,1.478217955383235e-6,5.907925796797853e-7,2.9618611529055774e-6
"96/Hand",4.938421336561442e-5,4.890356151014567e-5,5.02104767933488e-5,1.60955938357361e-6,9.442298856875314e-7,2.371706090068414e-6
"96/SYB",3.857700102652113e-4,3.839993549510836e-4,3.889012409374118e-4,5.970157582988038e-6,3.3976142446385835e-6,8.765233156901812e-6
"96/Uni",8.537022418032092e-5,8.495442217836777e-5,8.61776684348782e-5,1.4489966378188564e-6,8.823754379221456e-7,2.6477704443864315e-6
"97/TYB",2.1904815723272887e-5,2.1753441599959677e-5,2.214236732572317e-5,4.874236493133985e-7,3.232819415980407e-7,6.39928077536869e-7
"97/Hand",2.2419219158308685e-5,2.2255834954667766e-5,2.2736450822426465e-5,5.695155199322508e-7,3.344285352232748e-7,9.415798667102528e-7
"97/SYB",1.6969651256222278e-4,1.6780108485836534e-4,1.7369121585506948e-4,6.82350904117435e-6,3.5315123282843335e-6,1.1826103530740647e-5
"97/Uni",3.6967523830632374e-5,3.668460045009852e-5,3.760561864597327e-5,1.048089701686023e-6,5.408962418598062e-7,1.8887877240735756e-6
"98/TYB",2.3103477749973535e-4,2.2715332303196192e-4,2.3756744656711816e-4,1.2866557809896164e-5,8.627744364706863e-6,1.967123293994475e-5
"98/Hand",2.80725006647408e-4,2.783465429022908e-4,2.862696691229939e-4,8.917801257685897e-6,4.301926604614887e-6,1.6385588785914358e-5
"98/SYB",2.3691439846530563e-3,2.270925066806376e-3,2.5274348476901657e-3,3.1965615763834143e-4,2.199097708341616e-4,4.7896841220093617e-4
"98/Uni",5.504632068797946e-4,5.462733977163832e-4,5.623300942902765e-4,1.694516679199531e-5,6.868125889835884e-6,3.3753213824166964e-5
"99/TYB",1.986193874850869e-4,1.969981411471963e-4,2.028250912204385e-4,6.286343390733785e-6,2.417725840437612e-6,1.2146578423160228e-5
"99/Hand",2.0820101465409e-4,2.0660202071691553e-4,2.1293600763504705e-4,6.575011232422511e-6,2.5757003432467757e-6,1.3332345601828648e-5
"99/SYB",1.994359515048564e-3,1.972978136874735e-3,2.0502639034762986e-3,8.35417499098646e-5,3.694481097228709e-5,1.6170319132697693e-4
"99/Uni",4.441380573436618e-4,4.416807565217216e-4,4.476539366568128e-4,7.601517060935618e-6,5.412179545202623e-6,9.420537938940608e-6
